City,District,Username,Email,Password,Role,Status,Pincode,Created
Chennai,Chennai,chennai_chennai_admin,chennai_chennai_admin@fixitfast.gov.in,SuperAdmin@123,admin,active,600001,2025-10-21 18:28:21
Tondiarpet Fort St George,Chennai,tondiarpetfortstgeorge_chennai_admin,tondiarpetfortstgeorge_chennai_admin@fixitfast.gov.in,SuperAdmin@123,admin,active,600003,2025-10-21 18:28:21
Perambur Purasawalkam,Chennai,peramburpurasawalkam_chennai_admin,peramburpurasawalkam_chennai_admin@fixitfast.gov.in,SuperAdmin@123,admin,active,600007,2025-10-21 18:28:21
Egmore Nungambakka,Chennai,egmorenungambakka_chennai_admin,egmorenungambakka_chennai_admin@fixitfast.gov.in,SuperAdmin@123,admin,active,600008,2025-10-21 18:28:22
Egmore Nungambakkam,Chennai,egmorenungambakkam_chennai_admin,egmorenungambakkam_chennai_admin@fixitfast.gov.in,SuperAdmin@123,admin,active,600013,2025-10-21 18:28:22
Chennai City Corporation,Chennai,chennaicitycorporation_chennai_admin,chennaicitycorporation_chennai_admin@fixitfast.gov.in,SuperAdmin@123,admin,active,600015,2025-10-21 18:28:22
Saidapet,Kanchipuram,saidapet_kanchipuram_admin,saidapet_kanchipuram_admin@fixitfast.gov.in,SuperAdmin@123,admin,active,600016,2025-10-21 18:28:22
Ambattur,Tiruvallur,ambattur_tiruvallur_admin,ambattur_tiruvallur_admin@fixitfast.gov.in,SuperAdmin@123,admin,active,600019,2025-10-21 18:28:22
Sriperumbudur,Kanchipuram,sriperumbudur_kanchipuram_admin,sriperumbudur_kanchipuram_admin@fixitfast.gov.in,SuperAdmin@123,admin,active,600044,2025-10-21 18:28:23
Tambaram,Kanchipuram,tambaram_kanchipuram_admin,tambaram_kanchipuram_admin@fixitfast.gov.in,SuperAdmin@123,admin,active,600045,2025-10-21 18:28:23
Chinglepet,Kanchipuram,chinglepet_kanchipuram_admin,chinglepet_kanchipuram_admin@fixitfast.gov.in,SuperAdmin@123,admin,active,600048,2025-10-21 18:28:23
Ponneri,Tiruvallur,ponneri_tiruvallur_admin,ponneri_tiruvallur_admin@fixitfast.gov.in,SuperAdmin@123,admin,active,600051,2025-10-21 18:28:24
Poonamalee,Tiruvallur,poonamalee_tiruvallur_admin,poonamalee_tiruvallur_admin@fixitfast.gov.in,SuperAdmin@123,admin,active,600056,2025-10-21 18:28:24
Avadi,Tiruvallur,avadi_tiruvallur_admin,avadi_tiruvallur_admin@fixitfast.gov.in,SuperAdmin@123,admin,active,600062,2025-10-21 18:28:24
Poonamallee,Tiruvallur,poonamallee_tiruvallur_admin,poonamallee_tiruvallur_admin@fixitfast.gov.in,SuperAdmin@123,admin,active,600071,2025-10-21 18:28:25
Ambattur,Chennai,ambattur_chennai_admin,ambattur_chennai_admin@fixitfast.gov.in,SuperAdmin@123,admin,active,600101,2025-10-21 18:28:25
Chennai Corporation,Tiruvallur,chennaicorporation_tiruvallur_admin,chennaicorporation_tiruvallur_admin@fixitfast.gov.in,SuperAdmin@123,admin,active,600107,2025-10-21 18:28:25
Kancheepuram,Kanchipuram,kancheepuram_kanchipuram_admin,kancheepuram_kanchipuram_admin@fixitfast.gov.in,SuperAdmin@123,admin,active,600115,2025-10-21 18:28:25
Chengalpattu,Kanchipuram,chengalpattu_kanchipuram_admin,chengalpattu_kanchipuram_admin@fixitfast.gov.in,SuperAdmin@123,admin,active,600127,2025-10-21 18:28:26
Sholinganallur,Kanchipuram,sholinganallur_kanchipuram_admin,sholinganallur_kanchipuram_admin@fixitfast.gov.in,SuperAdmin@123,admin,active,600129,2025-10-21 18:28:26
Tiruvallur,Tiruvallur,tiruvallur_tiruvallur_admin,tiruvallur_tiruvallur_admin@fixitfast.gov.in,SuperAdmin@123,admin,active,601103,2025-10-21 18:28:26
Gummidipoondi,Tiruvallur,gummidipoondi_tiruvallur_admin,gummidipoondi_tiruvallur_admin@fixitfast.gov.in,SuperAdmin@123,admin,active,601201,2025-10-21 18:28:27
Gummidipundi,Tiruvallur,gummidipundi_tiruvallur_admin,gummidipundi_tiruvallur_admin@fixitfast.gov.in,SuperAdmin@123,admin,active,601202,2025-10-21 18:28:27
Thiruvallur,Tiruvallur,thiruvallur_tiruvallur_admin,thiruvallur_tiruvallur_admin@fixitfast.gov.in,SuperAdmin@123,admin,active,602001,2025-10-21 18:28:27
Tirukalikundram,Kanchipuram,tirukalikundram_kanchipuram_admin,tirukalikundram_kanchipuram_admin@fixitfast.gov.in,SuperAdmin@123,admin,active,603102,2025-10-21 18:28:28
Chingelpet,Kanchipuram,chingelpet_kanchipuram_admin,chingelpet_kanchipuram_admin@fixitfast.gov.in,SuperAdmin@123,admin,active,603112,2025-10-21 18:28:28
Madurantakam,Kanchipuram,madurantakam_kanchipuram_admin,madurantakam_kanchipuram_admin@fixitfast.gov.in,SuperAdmin@123,admin,active,603201,2025-10-21 18:28:29
Chengallpattu,Kanchipuram,chengallpattu_kanchipuram_admin,chengallpattu_kanchipuram_admin@fixitfast.gov.in,SuperAdmin@123,admin,active,603204,2025-10-21 18:28:29
Cheyur,Kanchipuram,cheyur_kanchipuram_admin,cheyur_kanchipuram_admin@fixitfast.gov.in,SuperAdmin@123,admin,active,603302,2025-10-21 18:28:29
Cheyyur,Kanchipuram,cheyyur_kanchipuram_admin,cheyyur_kanchipuram_admin@fixitfast.gov.in,SuperAdmin@123,admin,active,603312,2025-10-21 18:28:30
Uttiramerur,Kanchipuram,uttiramerur_kanchipuram_admin,uttiramerur_kanchipuram_admin@fixitfast.gov.in,SuperAdmin@123,admin,active,603314,2025-10-21 18:28:30
Kanchipuram,Kanchipuram,kanchipuram_kanchipuram_admin,kanchipuram_kanchipuram_admin@fixitfast.gov.in,SuperAdmin@123,admin,active,603402,2025-10-21 18:28:30
Uthiramerur,Kanchipuram,uthiramerur_kanchipuram_admin,uthiramerur_kanchipuram_admin@fixitfast.gov.in,SuperAdmin@123,admin,active,603403,2025-10-21 18:28:30
Maduranthakam,Kanchipuram,maduranthakam_kanchipuram_admin,maduranthakam_kanchipuram_admin@fixitfast.gov.in,SuperAdmin@123,admin,active,603406,2025-10-21 18:28:31
Tindivanam,Villupuram,tindivanam_villupuram_admin,tindivanam_villupuram_admin@fixitfast.gov.in,SuperAdmin@123,admin,active,604001,2025-10-21 18:28:31
Gingee,Villupuram,gingee_villupuram_admin,gingee_villupuram_admin@fixitfast.gov.in,SuperAdmin@123,admin,active,604151,2025-10-21 18:28:31
Cheyyar,Tiruvannamalai,cheyyar_tiruvannamalai_admin,cheyyar_tiruvannamalai_admin@fixitfast.gov.in,SuperAdmin@123,admin,active,604401,2025-10-21 18:28:31
Arni,Tiruvannamalai,arni_tiruvannamalai_admin,arni_tiruvannamalai_admin@fixitfast.gov.in,SuperAdmin@123,admin,active,604403,2025-10-21 18:28:32
Vandavasi,Tiruvannamalai,vandavasi_tiruvannamalai_admin,vandavasi_tiruvannamalai_admin@fixitfast.gov.in,SuperAdmin@123,admin,active,604404,2025-10-21 18:28:32
Arcot,Vellore,arcot_vellore_admin,arcot_vellore_admin@fixitfast.gov.in,SuperAdmin@123,admin,active,604407,2025-10-21 18:28:32
Tiruannvmalai,Tiruvannamalai,tiruannvmalai_tiruvannamalai_admin,tiruannvmalai_tiruvannamalai_admin@fixitfast.gov.in,SuperAdmin@123,admin,active,604601,2025-10-21 18:28:33
Cuddalore,Cuddalore,cuddalore_cuddalore_admin,cuddalore_cuddalore_admin@fixitfast.gov.in,SuperAdmin@123,admin,active,605007,2025-10-21 18:28:33
Villupuram,Villupuram,villupuram_villupuram_admin,villupuram_villupuram_admin@fixitfast.gov.in,SuperAdmin@123,admin,active,605103,2025-10-21 18:28:33
Tirukkoyilur,Villupuram,tirukkoyilur_villupuram_admin,tirukkoyilur_villupuram_admin@fixitfast.gov.in,SuperAdmin@123,admin,active,605701,2025-10-21 18:28:34
Sankarapuram,Villupuram,sankarapuram_villupuram_admin,sankarapuram_villupuram_admin@fixitfast.gov.in,SuperAdmin@123,admin,active,605702,2025-10-21 18:28:34
Virudhachalam,Cuddalore,virudhachalam_cuddalore_admin,virudhachalam_cuddalore_admin@fixitfast.gov.in,SuperAdmin@123,admin,active,606001,2025-10-21 18:28:34
Vriddhachalam,Cuddalore,vriddhachalam_cuddalore_admin,vriddhachalam_cuddalore_admin@fixitfast.gov.in,SuperAdmin@123,admin,active,606003,2025-10-21 18:28:34
Ulundurpet,Villupuram,ulundurpet_villupuram_admin,ulundurpet_villupuram_admin@fixitfast.gov.in,SuperAdmin@123,admin,active,606102,2025-10-21 18:28:35
Ulundurpettai,Villupuram,ulundurpettai_villupuram_admin,ulundurpettai_villupuram_admin@fixitfast.gov.in,SuperAdmin@123,admin,active,606104,2025-10-21 18:28:35
Tittagudi,Cuddalore,tittagudi_cuddalore_admin,tittagudi_cuddalore_admin@fixitfast.gov.in,SuperAdmin@123,admin,active,606105,2025-10-21 18:28:35
Kallakurichi,Villupuram,kallakurichi_villupuram_admin,kallakurichi_villupuram_admin@fixitfast.gov.in,SuperAdmin@123,admin,active,606201,2025-10-21 18:28:36
Kallakkurichi,Villupuram,kallakkurichi_villupuram_admin,kallakkurichi_villupuram_admin@fixitfast.gov.in,SuperAdmin@123,admin,active,606206,2025-10-21 18:28:36
Sankapuram,Villupuram,sankapuram_villupuram_admin,sankapuram_villupuram_admin@fixitfast.gov.in,SuperAdmin@123,admin,active,606208,2025-10-21 18:28:36
Tiruvananmalai,Tiruvannamalai,tiruvananmalai_tiruvannamalai_admin,tiruvananmalai_tiruvannamalai_admin@fixitfast.gov.in,SuperAdmin@123,admin,active,606601,2025-10-21 18:28:36
Tiruvananamalai,Tiruvannamalai,tiruvananamalai_tiruvannamalai_admin,tiruvananamalai_tiruvannamalai_admin@fixitfast.gov.in,SuperAdmin@123,admin,active,606603,2025-10-21 18:28:37
Tiruvannamalai,Tiruvannamalai,tiruvannamalai_tiruvannamalai_admin,tiruvannamalai_tiruvannamalai_admin@fixitfast.gov.in,SuperAdmin@123,admin,active,606604,2025-10-21 18:28:37
Chengam,Tiruvannamalai,chengam_tiruvannamalai_admin,chengam_tiruvannamalai_admin@fixitfast.gov.in,SuperAdmin@123,admin,active,606701,2025-10-21 18:28:37
Chegam,Tiruvannamalai,chegam_tiruvannamalai_admin,chegam_tiruvannamalai_admin@fixitfast.gov.in,SuperAdmin@123,admin,active,606705,2025-10-21 18:28:38
Polur,Tiruvannamalai,polur_tiruvannamalai_admin,polur_tiruvannamalai_admin@fixitfast.gov.in,SuperAdmin@123,admin,active,606751,2025-10-21 18:28:38
Tiruvanamalai,Tiruvannamalai,tiruvanamalai_tiruvannamalai_admin,tiruvanamalai_tiruvannamalai_admin@fixitfast.gov.in,SuperAdmin@123,admin,active,606754,2025-10-21 18:28:38
Tiruannamalai,Tiruvannamalai,tiruannamalai_tiruvannamalai_admin,tiruannamalai_tiruvannamalai_admin@fixitfast.gov.in,SuperAdmin@123,admin,active,606806,2025-10-21 18:28:39
Thandrampattu,Tiruvannamalai,thandrampattu_tiruvannamalai_admin,thandrampattu_tiruvannamalai_admin@fixitfast.gov.in,SuperAdmin@123,admin,active,606808,2025-10-21 18:28:39
Panruti,Cuddalore,panruti_cuddalore_admin,panruti_cuddalore_admin@fixitfast.gov.in,SuperAdmin@123,admin,active,607101,2025-10-21 18:28:39
Ulundurpet,Tiruchirappalli,ulundurpet_tiruchirappalli_admin,ulundurpet_tiruchirappalli_admin@fixitfast.gov.in,SuperAdmin@123,admin,active,607201,2025-10-21 18:28:40
Chidambaram,Cuddalore,chidambaram_cuddalore_admin,chidambaram_cuddalore_admin@fixitfast.gov.in,SuperAdmin@123,admin,active,608002,2025-10-21 18:28:40
Kattumannarkoil,Cuddalore,kattumannarkoil_cuddalore_admin,kattumannarkoil_cuddalore_admin@fixitfast.gov.in,SuperAdmin@123,admin,active,608301,2025-10-21 18:28:40
Chidabamram,Cuddalore,chidabamram_cuddalore_admin,chidabamram_cuddalore_admin@fixitfast.gov.in,SuperAdmin@123,admin,active,608401,2025-10-21 18:28:40
Kattmannarkoil,Cuddalore,kattmannarkoil_cuddalore_admin,kattmannarkoil_cuddalore_admin@fixitfast.gov.in,SuperAdmin@123,admin,active,608701,2025-10-21 18:28:41
Kattumanarkoil,Cuddalore,kattumanarkoil_cuddalore_admin,kattumanarkoil_cuddalore_admin@fixitfast.gov.in,SuperAdmin@123,admin,active,608703,2025-10-21 18:28:41
Jayamkondacholapuram,Ariyalur,jayamkondacholapuram_ariyalur_admin,jayamkondacholapuram_ariyalur_admin@fixitfast.gov.in,SuperAdmin@123,admin,active,608901,2025-10-21 18:28:41
Mayiladuthurai,Nagapattinam,mayiladuthurai_nagapattinam_admin,mayiladuthurai_nagapattinam_admin@fixitfast.gov.in,SuperAdmin@123,admin,active,609001,2025-10-21 18:28:42
Sirkali,Nagapattinam,sirkali_nagapattinam_admin,sirkali_nagapattinam_admin@fixitfast.gov.in,SuperAdmin@123,admin,active,609101,2025-10-21 18:28:42
Sirkali Tk,Nagapattinam,sirkalitk_nagapattinam_admin,sirkalitk_nagapattinam_admin@fixitfast.gov.in,SuperAdmin@123,admin,active,609110,2025-10-21 18:28:42
Mayiaduthurai,Nagapattinam,mayiaduthurai_nagapattinam_admin,mayiaduthurai_nagapattinam_admin@fixitfast.gov.in,SuperAdmin@123,admin,active,609202,2025-10-21 18:28:43
Tarangambadi,Nagapattinam,tarangambadi_nagapattinam_admin,tarangambadi_nagapattinam_admin@fixitfast.gov.in,SuperAdmin@123,admin,active,609301,2025-10-21 18:28:43
Tharangambadi,Nagapattinam,tharangambadi_nagapattinam_admin,tharangambadi_nagapattinam_admin@fixitfast.gov.in,SuperAdmin@123,admin,active,609302,2025-10-21 18:28:43
Nannilam,Tiruvarur,nannilam_tiruvarur_admin,nannilam_tiruvarur_admin@fixitfast.gov.in,SuperAdmin@123,admin,active,609405,2025-10-21 18:28:44
Kodavasal,Tiruvarur,kodavasal_tiruvarur_admin,kodavasal_tiruvarur_admin@fixitfast.gov.in,SuperAdmin@123,admin,active,609501,2025-10-21 18:28:44
Nagapattinam,Nagapattinam,nagapattinam_nagapattinam_admin,nagapattinam_nagapattinam_admin@fixitfast.gov.in,SuperAdmin@123,admin,active,609504,2025-10-21 18:28:44
Kuttalam,Nagapattinam,kuttalam_nagapattinam_admin,kuttalam_nagapattinam_admin@fixitfast.gov.in,SuperAdmin@123,admin,active,609801,2025-10-21 18:28:45
Thiruvarur,Tiruvarur,thiruvarur_tiruvarur_admin,thiruvarur_tiruvarur_admin@fixitfast.gov.in,SuperAdmin@123,admin,active,610001,2025-10-21 18:28:45
Tiruvarur,Tiruvarur,tiruvarur_tiruvarur_admin,tiruvarur_tiruvarur_admin@fixitfast.gov.in,SuperAdmin@123,admin,active,610103,2025-10-21 18:28:45
Kilvelur,Nagapattinam,kilvelur_nagapattinam_admin,kilvelur_nagapattinam_admin@fixitfast.gov.in,SuperAdmin@123,admin,active,610106,2025-10-21 18:28:46
Thirukkuvalai,Nagapattinam,thirukkuvalai_nagapattinam_admin,thirukkuvalai_nagapattinam_admin@fixitfast.gov.in,SuperAdmin@123,admin,active,610201,2025-10-21 18:28:46
Mannargudi,Tiruvarur,mannargudi_tiruvarur_admin,mannargudi_tiruvarur_admin@fixitfast.gov.in,SuperAdmin@123,admin,active,610203,2025-10-21 18:28:46
Tirukuvalai,Nagapattinam,tirukuvalai_nagapattinam_admin,tirukuvalai_nagapattinam_admin@fixitfast.gov.in,SuperAdmin@123,admin,active,610204,2025-10-21 18:28:46
Kumbakonam,Thanjavur,kumbakonam_thanjavur_admin,kumbakonam_thanjavur_admin@fixitfast.gov.in,SuperAdmin@123,admin,active,612001,2025-10-21 18:28:47
Thiruvidaimarudur,Thanjavur,thiruvidaimarudur_thanjavur_admin,thiruvidaimarudur_thanjavur_admin@fixitfast.gov.in,SuperAdmin@123,admin,active,612104,2025-10-21 18:28:47
Kuttalam,Thanjavur,kuttalam_thanjavur_admin,kuttalam_thanjavur_admin@fixitfast.gov.in,SuperAdmin@123,admin,active,612106,2025-10-21 18:28:47
Papanasam,Thanjavur,papanasam_thanjavur_admin,papanasam_thanjavur_admin@fixitfast.gov.in,SuperAdmin@123,admin,active,612301,2025-10-21 18:28:48
Tirupanandal,Thanjavur,tirupanandal_thanjavur_admin,tirupanandal_thanjavur_admin@fixitfast.gov.in,SuperAdmin@123,admin,active,612503,2025-10-21 18:28:48
Kodavasal,Thanjavur,kodavasal_thanjavur_admin,kodavasal_thanjavur_admin@fixitfast.gov.in,SuperAdmin@123,admin,active,612603,2025-10-21 18:28:48
Valangaman,Tiruvarur,valangaman_tiruvarur_admin,valangaman_tiruvarur_admin@fixitfast.gov.in,SuperAdmin@123,admin,active,612701,2025-10-21 18:28:49
Nidamangalam,Tiruvarur,nidamangalam_tiruvarur_admin,nidamangalam_tiruvarur_admin@fixitfast.gov.in,SuperAdmin@123,admin,active,612801,2025-10-21 18:28:49
Valangaman,Thanjavur,valangaman_thanjavur_admin,valangaman_thanjavur_admin@fixitfast.gov.in,SuperAdmin@123,admin,active,612802,2025-10-21 18:28:50
Ariyalur,Ariyalur,ariyalur_ariyalur_admin,ariyalur_ariyalur_admin@fixitfast.gov.in,SuperAdmin@123,admin,active,612904,2025-10-21 18:28:50
Thanjavur,Thanjavur,thanjavur_thanjavur_admin,thanjavur_thanjavur_admin@fixitfast.gov.in,SuperAdmin@123,admin,active,613001,2025-10-21 18:28:50
Thiruvaiyaru,Thanjavur,thiruvaiyaru_thanjavur_admin,thiruvaiyaru_thanjavur_admin@fixitfast.gov.in,SuperAdmin@123,admin,active,613101,2025-10-21 18:28:51
Gandarvakkottai,Pudukkottai,gandarvakkottai_pudukkottai_admin,gandarvakkottai_pudukkottai_admin@fixitfast.gov.in,SuperAdmin@123,admin,active,613301,2025-10-21 18:28:51
Needamangalam,Tiruvarur,needamangalam_tiruvarur_admin,needamangalam_tiruvarur_admin@fixitfast.gov.in,SuperAdmin@123,admin,active,613702,2025-10-21 18:28:51
Koradacherry,Tiruvarur,koradacherry_tiruvarur_admin,koradacherry_tiruvarur_admin@fixitfast.gov.in,SuperAdmin@123,admin,active,613703,2025-10-21 18:28:51
Pattukottai,Thanjavur,pattukottai_thanjavur_admin,pattukottai_thanjavur_admin@fixitfast.gov.in,SuperAdmin@123,admin,active,614601,2025-10-21 18:28:52
Pattukkottai,Thanjavur,pattukkottai_thanjavur_admin,pattukkottai_thanjavur_admin@fixitfast.gov.in,SuperAdmin@123,admin,active,614602,2025-10-21 18:28:52
Peravurani,Thanjavur,peravurani_thanjavur_admin,peravurani_thanjavur_admin@fixitfast.gov.in,SuperAdmin@123,admin,active,614612,2025-10-21 18:28:52
Orathanadu,Thanjavur,orathanadu_thanjavur_admin,orathanadu_thanjavur_admin@fixitfast.gov.in,SuperAdmin@123,admin,active,614614,2025-10-21 18:28:53
Arantangi,Pudukkottai,arantangi_pudukkottai_admin,arantangi_pudukkottai_admin@fixitfast.gov.in,SuperAdmin@123,admin,active,614616,2025-10-21 18:28:53
Aranthangi,Pudukkottai,aranthangi_pudukkottai_admin,aranthangi_pudukkottai_admin@fixitfast.gov.in,SuperAdmin@123,admin,active,614617,2025-10-21 18:28:53
Avadaiyarkoil,Pudukkottai,avadaiyarkoil_pudukkottai_admin,avadaiyarkoil_pudukkottai_admin@fixitfast.gov.in,SuperAdmin@123,admin,active,614618,2025-10-21 18:28:54
Manamelkudi,Pudukkottai,manamelkudi_pudukkottai_admin,manamelkudi_pudukkottai_admin@fixitfast.gov.in,SuperAdmin@123,admin,active,614620,2025-10-21 18:28:54
Peravurni,Thanjavur,peravurni_thanjavur_admin,peravurni_thanjavur_admin@fixitfast.gov.in,SuperAdmin@123,admin,active,614623,2025-10-21 18:28:54
Alangudi,Pudukkottai,alangudi_pudukkottai_admin,alangudi_pudukkottai_admin@fixitfast.gov.in,SuperAdmin@123,admin,active,614624,2025-10-21 18:28:54
Thiruthuraipoondi,Tiruvarur,thiruthuraipoondi_tiruvarur_admin,thiruthuraipoondi_tiruvarur_admin@fixitfast.gov.in,SuperAdmin@123,admin,active,614703,2025-10-21 18:28:55
Vedaraniam,Nagapattinam,vedaraniam_nagapattinam_admin,vedaraniam_nagapattinam_admin@fixitfast.gov.in,SuperAdmin@123,admin,active,614707,2025-10-21 18:28:55
Tiruturaipundi,Nagapattinam,tiruturaipundi_nagapattinam_admin,tiruturaipundi_nagapattinam_admin@fixitfast.gov.in,SuperAdmin@123,admin,active,614716,2025-10-21 18:28:55
Tiruturaipundi,Tiruvarur,tiruturaipundi_tiruvarur_admin,tiruturaipundi_tiruvarur_admin@fixitfast.gov.in,SuperAdmin@123,admin,active,614738,2025-10-21 18:28:56
Aranangi,Pudukkottai,aranangi_pudukkottai_admin,aranangi_pudukkottai_admin@fixitfast.gov.in,SuperAdmin@123,admin,active,614801,2025-10-21 18:28:56
Tiruchirappalli,Tiruchirappalli,tiruchirappalli_tiruchirappalli_admin,tiruchirappalli_tiruchirappalli_admin@fixitfast.gov.in,SuperAdmin@123,admin,active,620001,2025-10-21 18:28:56
Srirangam,Tiruchirappalli,srirangam_tiruchirappalli_admin,srirangam_tiruchirappalli_admin@fixitfast.gov.in,SuperAdmin@123,admin,active,620005,2025-10-21 18:28:57
Thuraiyur,Tiruchirappalli,thuraiyur_tiruchirappalli_admin,thuraiyur_tiruchirappalli_admin@fixitfast.gov.in,SuperAdmin@123,admin,active,621001,2025-10-21 18:28:57
Musiri,Tiruchirappalli,musiri_tiruchirappalli_admin,musiri_tiruchirappalli_admin@fixitfast.gov.in,SuperAdmin@123,admin,active,621004,2025-10-21 18:28:57
Manachanalloor,Tiruchirappalli,manachanalloor_tiruchirappalli_admin,manachanalloor_tiruchirappalli_admin@fixitfast.gov.in,SuperAdmin@123,admin,active,621005,2025-10-21 18:28:58
Manachanallur,Tiruchirappalli,manachanallur_tiruchirappalli_admin,manachanallur_tiruchirappalli_admin@fixitfast.gov.in,SuperAdmin@123,admin,active,621006,2025-10-21 18:28:58
Thottiam,Tiruchirappalli,thottiam_tiruchirappalli_admin,thottiam_tiruchirappalli_admin@fixitfast.gov.in,SuperAdmin@123,admin,active,621008,2025-10-21 18:28:58
Perambalur,Perambalur,perambalur_perambalur_admin,perambalur_perambalur_admin@fixitfast.gov.in,SuperAdmin@123,admin,active,621101,2025-10-21 18:28:59
Veppanthattai,Perambalur,veppanthattai_perambalur_admin,veppanthattai_perambalur_admin@fixitfast.gov.in,SuperAdmin@123,admin,active,621102,2025-10-21 18:28:59
Kunnam,Perambalur,kunnam_perambalur_admin,kunnam_perambalur_admin@fixitfast.gov.in,SuperAdmin@123,admin,active,621104,2025-10-21 18:28:59
Lalgudi,Tiruchirappalli,lalgudi_tiruchirappalli_admin,lalgudi_tiruchirappalli_admin@fixitfast.gov.in,SuperAdmin@123,admin,active,621105,2025-10-21 18:29:00
Gangavalli,Salem,gangavalli_salem_admin,gangavalli_salem_admin@fixitfast.gov.in,SuperAdmin@123,admin,active,621110,2025-10-21 18:29:00
Namakkal,Namakkal,namakkal_namakkal_admin,namakkal_namakkal_admin@fixitfast.gov.in,SuperAdmin@123,admin,active,621215,2025-10-21 18:29:00
Lalgudi,Ariyalur,lalgudi_ariyalur_admin,lalgudi_ariyalur_admin@fixitfast.gov.in,SuperAdmin@123,admin,active,621218,2025-10-21 18:29:00
Kulithalai,Karur,kulithalai_karur_admin,kulithalai_karur_admin@fixitfast.gov.in,SuperAdmin@123,admin,active,621301,2025-10-21 18:29:01
Manaparai,Tiruchirappalli,manaparai_tiruchirappalli_admin,manaparai_tiruchirappalli_admin@fixitfast.gov.in,SuperAdmin@123,admin,active,621302,2025-10-21 18:29:01
Illupur,Pudukkottai,illupur_pudukkottai_admin,illupur_pudukkottai_admin@fixitfast.gov.in,SuperAdmin@123,admin,active,621305,2025-10-21 18:29:01
Kulittalai,Karur,kulittalai_karur_admin,kulittalai_karur_admin@fixitfast.gov.in,SuperAdmin@123,admin,active,621306,2025-10-21 18:29:01
Illuppur,Pudukkottai,illuppur_pudukkottai_admin,illuppur_pudukkottai_admin@fixitfast.gov.in,SuperAdmin@123,admin,active,621316,2025-10-21 18:29:02
Ariyalur,Tiruchirappalli,ariyalur_tiruchirappalli_admin,ariyalur_tiruchirappalli_admin@fixitfast.gov.in,SuperAdmin@123,admin,active,621652,2025-10-21 18:29:02
Jayamkondcholapuram,Ariyalur,jayamkondcholapuram_ariyalur_admin,jayamkondcholapuram_ariyalur_admin@fixitfast.gov.in,SuperAdmin@123,admin,active,621803,2025-10-21 18:29:02
Pudukkottai,Pudukkottai,pudukkottai_pudukkottai_admin,pudukkottai_pudukkottai_admin@fixitfast.gov.in,SuperAdmin@123,admin,active,622001,2025-10-21 18:29:03
Annavasal,Pudukkottai,annavasal_pudukkottai_admin,annavasal_pudukkottai_admin@fixitfast.gov.in,SuperAdmin@123,admin,active,622104,2025-10-21 18:29:03
Thirumayam,Pudukkottai,thirumayam_pudukkottai_admin,thirumayam_pudukkottai_admin@fixitfast.gov.in,SuperAdmin@123,admin,active,622201,2025-10-21 18:29:03
Gandarvakottai,Pudukkottai,gandarvakottai_pudukkottai_admin,gandarvakottai_pudukkottai_admin@fixitfast.gov.in,SuperAdmin@123,admin,active,622203,2025-10-21 18:29:04
Tirumayam,Pudukkottai,tirumayam_pudukkottai_admin,tirumayam_pudukkottai_admin@fixitfast.gov.in,SuperAdmin@123,admin,active,622402,2025-10-21 18:29:04
Kulathur,Pudukkottai,kulathur_pudukkottai_admin,kulathur_pudukkottai_admin@fixitfast.gov.in,SuperAdmin@123,admin,active,622502,2025-10-21 18:29:05
Kamudhi,Ramanathapuram,kamudhi_ramanathapuram_admin,kamudhi_ramanathapuram_admin@fixitfast.gov.in,SuperAdmin@123,admin,active,623115,2025-10-21 18:29:05
Kadaladi,Ramanathapuram,kadaladi_ramanathapuram_admin,kadaladi_ramanathapuram_admin@fixitfast.gov.in,SuperAdmin@123,admin,active,623120,2025-10-21 18:29:05
Tiruvadanai,Ramanathapuram,tiruvadanai_ramanathapuram_admin,tiruvadanai_ramanathapuram_admin@fixitfast.gov.in,SuperAdmin@123,admin,active,623308,2025-10-21 18:29:06
Devakottai,Ramanathapuram,devakottai_ramanathapuram_admin,devakottai_ramanathapuram_admin@fixitfast.gov.in,SuperAdmin@123,admin,active,623402,2025-10-21 18:29:06
Ramanathapuram,Ramanathapuram,ramanathapuram_ramanathapuram_admin,ramanathapuram_ramanathapuram_admin@fixitfast.gov.in,SuperAdmin@123,admin,active,623501,2025-10-21 18:29:06
Rameswaram,Ramanathapuram,rameswaram_ramanathapuram_admin,rameswaram_ramanathapuram_admin@fixitfast.gov.in,SuperAdmin@123,admin,active,623526,2025-10-21 18:29:06
Paramakudi,Ramanathapuram,paramakudi_ramanathapuram_admin,paramakudi_ramanathapuram_admin@fixitfast.gov.in,SuperAdmin@123,admin,active,623527,2025-10-21 18:29:07
Devakottai,Sivaganga,devakottai_sivaganga_admin,devakottai_sivaganga_admin@fixitfast.gov.in,SuperAdmin@123,admin,active,623701,2025-10-21 18:29:07
Mudukulathur,Ramanathapuram,mudukulathur_ramanathapuram_admin,mudukulathur_ramanathapuram_admin@fixitfast.gov.in,SuperAdmin@123,admin,active,623704,2025-10-21 18:29:07
Kamuthi,Ramanathapuram,kamuthi_ramanathapuram_admin,kamuthi_ramanathapuram_admin@fixitfast.gov.in,SuperAdmin@123,admin,active,623708,2025-10-21 18:29:08
Dindigul,Dindigul,dindigul_dindigul_admin,dindigul_dindigul_admin@fixitfast.gov.in,SuperAdmin@123,admin,active,624001,2025-10-21 18:29:08
Nilakkottai,Dindigul,nilakkottai_dindigul_admin,nilakkottai_dindigul_admin@fixitfast.gov.in,SuperAdmin@123,admin,active,624201,2025-10-21 18:29:08
Dindigul,Coimbatore,dindigul_coimbatore_admin,dindigul_coimbatore_admin@fixitfast.gov.in,SuperAdmin@123,admin,active,624622,2025-10-21 18:29:09
Vedasandur,Dindigul,vedasandur_dindigul_admin,vedasandur_dindigul_admin@fixitfast.gov.in,SuperAdmin@123,admin,active,624711,2025-10-21 18:29:09
Madurai South,Madurai,maduraisouth_madurai_admin,maduraisouth_madurai_admin@fixitfast.gov.in,SuperAdmin@123,admin,active,625001,2025-10-21 18:29:09
Madurai North,Madurai,madurainorth_madurai_admin,madurainorth_madurai_admin@fixitfast.gov.in,SuperAdmin@123,admin,active,625002,2025-10-21 18:29:10
Melur,Madurai,melur_madurai_admin,melur_madurai_admin@fixitfast.gov.in,SuperAdmin@123,admin,active,625103,2025-10-21 18:29:10
Periyakulam,Theni,periyakulam_theni_admin,periyakulam_theni_admin@fixitfast.gov.in,SuperAdmin@123,admin,active,625203,2025-10-21 18:29:10
Vadipatti,Madurai,vadipatti_madurai_admin,vadipatti_madurai_admin@fixitfast.gov.in,SuperAdmin@123,admin,active,625205,2025-10-21 18:29:10
Thirumangalam,Madurai,thirumangalam_madurai_admin,thirumangalam_madurai_admin@fixitfast.gov.in,SuperAdmin@123,admin,active,625207,2025-10-21 18:29:11
Andipatti,Theni,andipatti_theni_admin,andipatti_theni_admin@fixitfast.gov.in,SuperAdmin@123,admin,active,625512,2025-10-21 18:29:11
Bodinayakanur,Theni,bodinayakanur_theni_admin,bodinayakanur_theni_admin@fixitfast.gov.in,SuperAdmin@123,admin,active,625513,2025-10-21 18:29:11
Aundipatti,Theni,aundipatti_theni_admin,aundipatti_theni_admin@fixitfast.gov.in,SuperAdmin@123,admin,active,625515,2025-10-21 18:29:11
Uthamapalayam,Theni,uthamapalayam_theni_admin,uthamapalayam_theni_admin@fixitfast.gov.in,SuperAdmin@123,admin,active,625516,2025-10-21 18:29:12
Peraiyur,Madurai,peraiyur_madurai_admin,peraiyur_madurai_admin@fixitfast.gov.in,SuperAdmin@123,admin,active,625527,2025-10-21 18:29:12
Usilampatti,Madurai,usilampatti_madurai_admin,usilampatti_madurai_admin@fixitfast.gov.in,SuperAdmin@123,admin,active,625529,2025-10-21 18:29:12
Theni,Theni,theni_theni_admin,theni_theni_admin@fixitfast.gov.in,SuperAdmin@123,admin,active,625531,2025-10-21 18:29:13
Virudhunagar,Virudhunagar,virudhunagar_virudhunagar_admin,virudhunagar_virudhunagar_admin@fixitfast.gov.in,SuperAdmin@123,admin,active,626001,2025-10-21 18:29:13
Aruppukkottai,Virudhunagar,aruppukkottai_virudhunagar_admin,aruppukkottai_virudhunagar_admin@fixitfast.gov.in,SuperAdmin@123,admin,active,626004,2025-10-21 18:29:13
Rajapalayam,Virudhunagar,rajapalayam_virudhunagar_admin,rajapalayam_virudhunagar_admin@fixitfast.gov.in,SuperAdmin@123,admin,active,626102,2025-10-21 18:29:14
Sivakasi,Virudhunagar,sivakasi_virudhunagar_admin,sivakasi_virudhunagar_admin@fixitfast.gov.in,SuperAdmin@123,admin,active,626103,2025-10-21 18:29:14
Kariapatti,Virudhunagar,kariapatti_virudhunagar_admin,kariapatti_virudhunagar_admin@fixitfast.gov.in,SuperAdmin@123,admin,active,626104,2025-10-21 18:29:14
Aruppukottai,Virudhunagar,aruppukottai_virudhunagar_admin,aruppukottai_virudhunagar_admin@fixitfast.gov.in,SuperAdmin@123,admin,active,626107,2025-10-21 18:29:15
Srivilliputhur,Virudhunagar,srivilliputhur_virudhunagar_admin,srivilliputhur_virudhunagar_admin@fixitfast.gov.in,SuperAdmin@123,admin,active,626116,2025-10-21 18:29:15
Sattur,Virudhunagar,sattur_virudhunagar_admin,sattur_virudhunagar_admin@fixitfast.gov.in,SuperAdmin@123,admin,active,626130,2025-10-21 18:29:15
Ettayapuram,Tuticorin,ettayapuram_tuticorin_admin,ettayapuram_tuticorin_admin@fixitfast.gov.in,SuperAdmin@123,admin,active,626202,2025-10-21 18:29:16
Tiruchuli,Virudhunagar,tiruchuli_virudhunagar_admin,tiruchuli_virudhunagar_admin@fixitfast.gov.in,SuperAdmin@123,admin,active,626612,2025-10-21 18:29:16
Tirunelveli,Tirunelveli,tirunelveli_tirunelveli_admin,tirunelveli_tirunelveli_admin@fixitfast.gov.in,SuperAdmin@123,admin,active,627001,2025-10-21 18:29:16
Palayamkottai,Tirunelveli,palayamkottai_tirunelveli_admin,palayamkottai_tirunelveli_admin@fixitfast.gov.in,SuperAdmin@123,admin,active,627002,2025-10-21 18:29:16
Nanguneri,Tirunelveli,nanguneri_tirunelveli_admin,nanguneri_tirunelveli_admin@fixitfast.gov.in,SuperAdmin@123,admin,active,627101,2025-10-21 18:29:17
Radhapuram,Tirunelveli,radhapuram_tirunelveli_admin,radhapuram_tirunelveli_admin@fixitfast.gov.in,SuperAdmin@123,admin,active,627104,2025-10-21 18:29:17
Ambasamudram,Tirunelveli,ambasamudram_tirunelveli_admin,ambasamudram_tirunelveli_admin@fixitfast.gov.in,SuperAdmin@123,admin,active,627115,2025-10-21 18:29:17
Tirunelvel;i,Tirunelveli,tirunelvel;i_tirunelveli_admin,tirunelvel;i_tirunelveli_admin@fixitfast.gov.in,SuperAdmin@123,admin,active,627358,2025-10-21 18:29:18
Alangulam,Tirunelveli,alangulam_tirunelveli_admin,alangulam_tirunelveli_admin@fixitfast.gov.in,SuperAdmin@123,admin,active,627415,2025-10-21 18:29:18
Sankarankovil,Tirunelveli,sankarankovil_tirunelveli_admin,sankarankovil_tirunelveli_admin@fixitfast.gov.in,SuperAdmin@123,admin,active,627713,2025-10-21 18:29:18
Sankarankoil,Tirunelveli,sankarankoil_tirunelveli_admin,sankarankoil_tirunelveli_admin@fixitfast.gov.in,SuperAdmin@123,admin,active,627719,2025-10-21 18:29:19
Tenkasi,Tirunelveli,tenkasi_tirunelveli_admin,tenkasi_tirunelveli_admin@fixitfast.gov.in,SuperAdmin@123,admin,active,627751,2025-10-21 18:29:19
Sivagiri,Tirunelveli,sivagiri_tirunelveli_admin,sivagiri_tirunelveli_admin@fixitfast.gov.in,SuperAdmin@123,admin,active,627757,2025-10-21 18:29:19
Kovilpatti,Tuticorin,kovilpatti_tuticorin_admin,kovilpatti_tuticorin_admin@fixitfast.gov.in,SuperAdmin@123,admin,active,627758,2025-10-21 18:29:20
Sengottai,Tirunelveli,sengottai_tirunelveli_admin,sengottai_tirunelveli_admin@fixitfast.gov.in,SuperAdmin@123,admin,active,627803,2025-10-21 18:29:20
Virakeralampudur,Tirunelveli,virakeralampudur_tirunelveli_admin,virakeralampudur_tirunelveli_admin@fixitfast.gov.in,SuperAdmin@123,admin,active,627859,2025-10-21 18:29:20
Thoothukkudi,Tuticorin,thoothukkudi_tuticorin_admin,thoothukkudi_tuticorin_admin@fixitfast.gov.in,SuperAdmin@123,admin,active,628001,2025-10-21 18:29:20
Srivaikuntam,Tuticorin,srivaikuntam_tuticorin_admin,srivaikuntam_tuticorin_admin@fixitfast.gov.in,SuperAdmin@123,admin,active,628102,2025-10-21 18:29:21
Otapidaram,Tuticorin,otapidaram_tuticorin_admin,otapidaram_tuticorin_admin@fixitfast.gov.in,SuperAdmin@123,admin,active,628105,2025-10-21 18:29:21
Tiruchendur,Tuticorin,tiruchendur_tuticorin_admin,tiruchendur_tuticorin_admin@fixitfast.gov.in,SuperAdmin@123,admin,active,628151,2025-10-21 18:29:21
Ottapidaram,Tuticorin,ottapidaram_tuticorin_admin,ottapidaram_tuticorin_admin@fixitfast.gov.in,SuperAdmin@123,admin,active,628301,2025-10-21 18:29:22
Satankulam,Tuticorin,satankulam_tuticorin_admin,satankulam_tuticorin_admin@fixitfast.gov.in,SuperAdmin@123,admin,active,628613,2025-10-21 18:29:22
Rivaikuntam,Tuticorin,rivaikuntam_tuticorin_admin,rivaikuntam_tuticorin_admin@fixitfast.gov.in,SuperAdmin@123,admin,active,628621,2025-10-21 18:29:22
Vilathikulam,Tuticorin,vilathikulam_tuticorin_admin,vilathikulam_tuticorin_admin@fixitfast.gov.in,SuperAdmin@123,admin,active,628901,2025-10-21 18:29:23
Vilathikulam (kol),Tuticorin,vilathikulam(kol)_tuticorin_admin,vilathikulam(kol)_tuticorin_admin@fixitfast.gov.in,SuperAdmin@123,admin,active,628906,2025-10-21 18:29:23
Agastheeswaram,Kanyakumari,agastheeswaram_kanyakumari_admin,agastheeswaram_kanyakumari_admin@fixitfast.gov.in,SuperAdmin@123,admin,active,629001,2025-10-21 18:29:23
Vilavancode,Kanyakumari,vilavancode_kanyakumari_admin,vilavancode_kanyakumari_admin@fixitfast.gov.in,SuperAdmin@123,admin,active,629101,2025-10-21 18:29:24
Kalkulam,Kanyakumari,kalkulam_kanyakumari_admin,kalkulam_kanyakumari_admin@fixitfast.gov.in,SuperAdmin@123,admin,active,629102,2025-10-21 18:29:24
Thovala,Kanyakumari,thovala_kanyakumari_admin,thovala_kanyakumari_admin@fixitfast.gov.in,SuperAdmin@123,admin,active,629152,2025-10-21 18:29:24
Agasteeswaram,Kanyakumari,agasteeswaram_kanyakumari_admin,agasteeswaram_kanyakumari_admin@fixitfast.gov.in,SuperAdmin@123,admin,active,629401,2025-10-21 18:29:25
Karaikudi,Sivaganga,karaikudi_sivaganga_admin,karaikudi_sivaganga_admin@fixitfast.gov.in,SuperAdmin@123,admin,active,630001,2025-10-21 18:29:25
Karaikkudi,Sivaganga,karaikkudi_sivaganga_admin,karaikkudi_sivaganga_admin@fixitfast.gov.in,SuperAdmin@123,admin,active,630108,2025-10-21 18:29:25
Tiruppathur,Sivaganga,tiruppathur_sivaganga_admin,tiruppathur_sivaganga_admin@fixitfast.gov.in,SuperAdmin@123,admin,active,630201,2025-10-21 18:29:26
Tirupattur,Sivaganga,tirupattur_sivaganga_admin,tirupattur_sivaganga_admin@fixitfast.gov.in,SuperAdmin@123,admin,active,630203,2025-10-21 18:29:26
Tirupathur,Sivaganga,tirupathur_sivaganga_admin,tirupathur_sivaganga_admin@fixitfast.gov.in,SuperAdmin@123,admin,active,630204,2025-10-21 18:29:26
Tiruppattur,Sivaganga,tiruppattur_sivaganga_admin,tiruppattur_sivaganga_admin@fixitfast.gov.in,SuperAdmin@123,admin,active,630205,2025-10-21 18:29:27
Karaikudi-kallal Block,Sivaganga,karaikudikallalblock_sivaganga_admin,karaikudikallalblock_sivaganga_admin@fixitfast.gov.in,SuperAdmin@123,admin,active,630206,2025-10-21 18:29:27
Sivaganga,Sivaganga,sivaganga_sivaganga_admin,sivaganga_sivaganga_admin@fixitfast.gov.in,SuperAdmin@123,admin,active,630210,2025-10-21 18:29:27
Karaikudi -kallal Block,Sivaganga,karaikudikallalblock_sivaganga_admin,karaikudikallalblock_sivaganga_admin@fixitfast.gov.in,SuperAdmin@123,admin,active,630307,2025-10-21 18:29:28
Tiruppattur-,Sivaganga,tiruppattur_sivaganga_admin,tiruppattur_sivaganga_admin@fixitfast.gov.in,SuperAdmin@123,admin,active,630309,2025-10-21 18:29:28
Singampunari Block,Sivaganga,singampunariblock_sivaganga_admin,singampunariblock_sivaganga_admin@fixitfast.gov.in,SuperAdmin@123,admin,active,630501,2025-10-21 18:29:28
Manamadurai,Sivaganga,manamadurai_sivaganga_admin,manamadurai_sivaganga_admin@fixitfast.gov.in,SuperAdmin@123,admin,active,630559,2025-10-21 18:29:29
Ilayangudi,Sivaganga,ilayangudi_sivaganga_admin,ilayangudi_sivaganga_admin@fixitfast.gov.in,SuperAdmin@123,admin,active,630702,2025-10-21 18:29:29
Arakkonam,Vellore,arakkonam_vellore_admin,arakkonam_vellore_admin@fixitfast.gov.in,SuperAdmin@123,admin,active,631001,2025-10-21 18:29:29
Arakonam,Vellore,arakonam_vellore_admin,arakonam_vellore_admin@fixitfast.gov.in,SuperAdmin@123,admin,active,631005,2025-10-21 18:29:30
Tirutani,Tiruvallur,tirutani_tiruvallur_admin,tirutani_tiruvallur_admin@fixitfast.gov.in,SuperAdmin@123,admin,active,631201,2025-10-21 18:29:30
Tiruttani,Tiruvallur,tiruttani_tiruvallur_admin,tiruttani_tiruvallur_admin@fixitfast.gov.in,SuperAdmin@123,admin,active,631204,2025-10-21 18:29:30
Pallipat,Tiruvallur,pallipat_tiruvallur_admin,pallipat_tiruvallur_admin@fixitfast.gov.in,SuperAdmin@123,admin,active,631207,2025-10-21 18:29:31
Sriperubudur,Kanchipuram,sriperubudur_kanchipuram_admin,sriperubudur_kanchipuram_admin@fixitfast.gov.in,SuperAdmin@123,admin,active,631604,2025-10-21 18:29:31
Vellore,Vellore,vellore_vellore_admin,vellore_vellore_admin@fixitfast.gov.in,SuperAdmin@123,admin,active,632001,2025-10-21 18:29:31
Katpadi,Vellore,katpadi_vellore_admin,katpadi_vellore_admin@fixitfast.gov.in,SuperAdmin@123,admin,active,632006,2025-10-21 18:29:31
Arani,Tiruvannamalai,arani_tiruvannamalai_admin,arani_tiruvannamalai_admin@fixitfast.gov.in,SuperAdmin@123,admin,active,632301,2025-10-21 18:29:32
Vellore,Tiruvannamalai,vellore_tiruvannamalai_admin,vellore_tiruvannamalai_admin@fixitfast.gov.in,SuperAdmin@123,admin,active,632319,2025-10-21 18:29:32
Walaja,Vellore,walaja_vellore_admin,walaja_vellore_admin@fixitfast.gov.in,SuperAdmin@123,admin,active,632401,2025-10-21 18:29:32
Walajapet,Vellore,walajapet_vellore_admin,walajapet_vellore_admin@fixitfast.gov.in,SuperAdmin@123,admin,active,632403,2025-10-21 18:29:33
Gudiyatham,Vellore,gudiyatham_vellore_admin,gudiyatham_vellore_admin@fixitfast.gov.in,SuperAdmin@123,admin,active,632601,2025-10-21 18:29:33
Gudiyattam,Vellore,gudiyattam_vellore_admin,gudiyattam_vellore_admin@fixitfast.gov.in,SuperAdmin@123,admin,active,632603,2025-10-21 18:29:33
Krishnagiri,Krishnagiri,krishnagiri_krishnagiri_admin,krishnagiri_krishnagiri_admin@fixitfast.gov.in,SuperAdmin@123,admin,active,635001,2025-10-21 18:29:33
Denkanikotta,Krishnagiri,denkanikotta_krishnagiri_admin,denkanikotta_krishnagiri_admin@fixitfast.gov.in,SuperAdmin@123,admin,active,635102,2025-10-21 18:29:34
Hosur,Krishnagiri,hosur_krishnagiri_admin,hosur_krishnagiri_admin@fixitfast.gov.in,SuperAdmin@123,admin,active,635103,2025-10-21 18:29:34
Barugur,Krishnagiri,barugur_krishnagiri_admin,barugur_krishnagiri_admin@fixitfast.gov.in,SuperAdmin@123,admin,active,635104,2025-10-21 18:29:35
Palacode,Krishnagiri,palacode_krishnagiri_admin,palacode_krishnagiri_admin@fixitfast.gov.in,SuperAdmin@123,admin,active,635111,2025-10-21 18:29:35
Kaveripattinam,Krishnagiri,kaveripattinam_krishnagiri_admin,kaveripattinam_krishnagiri_admin@fixitfast.gov.in,SuperAdmin@123,admin,active,635112,2025-10-21 18:29:35
Dharmapuri,Dharmapuri,dharmapuri_dharmapuri_admin,dharmapuri_dharmapuri_admin@fixitfast.gov.in,SuperAdmin@123,admin,active,635201,2025-10-21 18:29:35
Mathur,Krishnagiri,mathur_krishnagiri_admin,mathur_krishnagiri_admin@fixitfast.gov.in,SuperAdmin@123,admin,active,635204,2025-10-21 18:29:36
Uttangarai,Krishnagiri,uttangarai_krishnagiri_admin,uttangarai_krishnagiri_admin@fixitfast.gov.in,SuperAdmin@123,admin,active,635207,2025-10-21 18:29:36
Harur,Dharmapuri,harur_dharmapuri_admin,harur_dharmapuri_admin@fixitfast.gov.in,SuperAdmin@123,admin,active,635303,2025-10-21 18:29:36
Harur,Krishnagiri,harur_krishnagiri_admin,harur_krishnagiri_admin@fixitfast.gov.in,SuperAdmin@123,admin,active,635304,2025-10-21 18:29:36
Tirupathur,Vellore,tirupathur_vellore_admin,tirupathur_vellore_admin@fixitfast.gov.in,SuperAdmin@123,admin,active,635601,2025-10-21 18:29:37
Tirupattur,Vellore,tirupattur_vellore_admin,tirupattur_vellore_admin@fixitfast.gov.in,SuperAdmin@123,admin,active,635654,2025-10-21 18:29:37
Vaniyambadi,Vellore,vaniyambadi_vellore_admin,vaniyambadi_vellore_admin@fixitfast.gov.in,SuperAdmin@123,admin,active,635701,2025-10-21 18:29:37
Salem,Salem,salem_salem_admin,salem_salem_admin@fixitfast.gov.in,SuperAdmin@123,admin,active,636002,2025-10-21 18:29:38
salem,Salem,salem_salem_admin,salem_salem_admin@fixitfast.gov.in,SuperAdmin@123,admin,active,636005,2025-10-21 18:29:38
Omalur,Salem,omalur_salem_admin,omalur_salem_admin@fixitfast.gov.in,SuperAdmin@123,admin,active,636011,2025-10-21 18:29:38
Attur,Salem,attur_salem_admin,attur_salem_admin@fixitfast.gov.in,SuperAdmin@123,admin,active,636101,2025-10-21 18:29:39
Atur,Salem,atur_salem_admin,atur_salem_admin@fixitfast.gov.in,SuperAdmin@123,admin,active,636104,2025-10-21 18:29:39
Valapady,Salem,valapady_salem_admin,valapady_salem_admin@fixitfast.gov.in,SuperAdmin@123,admin,active,636111,2025-10-21 18:29:39
Rasipuram,Namakkal,rasipuram_namakkal_admin,rasipuram_namakkal_admin@fixitfast.gov.in,SuperAdmin@123,admin,active,636202,2025-10-21 18:29:39
Mettur,Salem,mettur_salem_admin,mettur_salem_admin@fixitfast.gov.in,SuperAdmin@123,admin,active,636303,2025-10-21 18:29:40
Edappadi,Salem,edappadi_salem_admin,edappadi_salem_admin@fixitfast.gov.in,SuperAdmin@123,admin,active,636306,2025-10-21 18:29:40
Yercaud,Salem,yercaud_salem_admin,yercaud_salem_admin@fixitfast.gov.in,SuperAdmin@123,admin,active,636601,2025-10-21 18:29:40
Palacode,Dharmapuri,palacode_dharmapuri_admin,palacode_dharmapuri_admin@fixitfast.gov.in,SuperAdmin@123,admin,active,636805,2025-10-21 18:29:41
Palakkodu,Dharmapuri,palakkodu_dharmapuri_admin,palakkodu_dharmapuri_admin@fixitfast.gov.in,SuperAdmin@123,admin,active,636809,2025-10-21 18:29:41
Pennagaram,Dharmapuri,pennagaram_dharmapuri_admin,pennagaram_dharmapuri_admin@fixitfast.gov.in,SuperAdmin@123,admin,active,636810,2025-10-21 18:29:41
Pappireddipatti,Dharmapuri,pappireddipatti_dharmapuri_admin,pappireddipatti_dharmapuri_admin@fixitfast.gov.in,SuperAdmin@123,admin,active,636904,2025-10-21 18:29:42
Idappadi,Salem,idappadi_salem_admin,idappadi_salem_admin@fixitfast.gov.in,SuperAdmin@123,admin,active,637101,2025-10-21 18:29:42
Sankari,Salem,sankari_salem_admin,sankari_salem_admin@fixitfast.gov.in,SuperAdmin@123,admin,active,637103,2025-10-21 18:29:42
Sankari,Namakkal,sankari_namakkal_admin,sankari_namakkal_admin@fixitfast.gov.in,SuperAdmin@123,admin,active,637104,2025-10-21 18:29:43
Paramathi Velur,Namakkal,paramathivelur_namakkal_admin,paramathivelur_namakkal_admin@fixitfast.gov.in,SuperAdmin@123,admin,active,637201,2025-10-21 18:29:43
Tirchengodu,Namakkal,tirchengodu_namakkal_admin,tirchengodu_namakkal_admin@fixitfast.gov.in,SuperAdmin@123,admin,active,637202,2025-10-21 18:29:43
Paramathivelur,Namakkal,paramathivelur_namakkal_admin,paramathivelur_namakkal_admin@fixitfast.gov.in,SuperAdmin@123,admin,active,637204,2025-10-21 18:29:43
Tiruchengode,Namakkal,tiruchengode_namakkal_admin,tiruchengode_namakkal_admin@fixitfast.gov.in,SuperAdmin@123,admin,active,637205,2025-10-21 18:29:44
Paramathi-Velur,Namakkal,paramathivelur_namakkal_admin,paramathivelur_namakkal_admin@fixitfast.gov.in,SuperAdmin@123,admin,active,637210,2025-10-21 18:29:44
Sanakari,Salem,sanakari_salem_admin,sanakari_salem_admin@fixitfast.gov.in,SuperAdmin@123,admin,active,637303,2025-10-21 18:29:44
Erode,Erode,erode_erode_admin,erode_erode_admin@fixitfast.gov.in,SuperAdmin@123,admin,active,638001,2025-10-21 18:29:45
Erode,Namakkal,erode_namakkal_admin,erode_namakkal_admin@fixitfast.gov.in,SuperAdmin@123,admin,active,638007,2025-10-21 18:29:45
Perundurai,Erode,perundurai_erode_admin,perundurai_erode_admin@fixitfast.gov.in,SuperAdmin@123,admin,active,638053,2025-10-21 18:29:45
Coimbatore,Coimbatore,coimbatore_coimbatore_admin,coimbatore_coimbatore_admin@fixitfast.gov.in,SuperAdmin@123,admin,active,638103,2025-10-21 18:29:46
Dharapuram,Erode,dharapuram_erode_admin,dharapuram_erode_admin@fixitfast.gov.in,SuperAdmin@123,admin,active,638105,2025-10-21 18:29:46
Dharapram,Erode,dharapram_erode_admin,dharapram_erode_admin@fixitfast.gov.in,SuperAdmin@123,admin,active,638106,2025-10-21 18:29:46
Kangayam,Erode,kangayam_erode_admin,kangayam_erode_admin@fixitfast.gov.in,SuperAdmin@123,admin,active,638108,2025-10-21 18:29:46
Bhavani,Erode,bhavani_erode_admin,bhavani_erode_admin@fixitfast.gov.in,SuperAdmin@123,admin,active,638301,2025-10-21 18:29:47
Sathy,Erode,sathy_erode_admin,sathy_erode_admin@fixitfast.gov.in,SuperAdmin@123,admin,active,638401,2025-10-21 18:29:47
Erode,Coimbatore,erode_coimbatore_admin,erode_coimbatore_admin@fixitfast.gov.in,SuperAdmin@123,admin,active,638458,2025-10-21 18:29:47
Sathyamangalam,Erode,sathyamangalam_erode_admin,sathyamangalam_erode_admin@fixitfast.gov.in,SuperAdmin@123,admin,active,638460,2025-10-21 18:29:48
Karur,Karur,karur_karur_admin,karur_karur_admin@fixitfast.gov.in,SuperAdmin@123,admin,active,639001,2025-10-21 18:29:48
Aravakurichi,Karur,aravakurichi_karur_admin,aravakurichi_karur_admin@fixitfast.gov.in,SuperAdmin@123,admin,active,639002,2025-10-21 18:29:48
Krishnarayapuram,Karur,krishnarayapuram_karur_admin,krishnarayapuram_karur_admin@fixitfast.gov.in,SuperAdmin@123,admin,active,639102,2025-10-21 18:29:49
Coimbatore South,Coimbatore,coimbatoresouth_coimbatore_admin,coimbatoresouth_coimbatore_admin@fixitfast.gov.in,SuperAdmin@123,admin,active,641001,2025-10-21 18:29:49
Coimbatore North,Coimbatore,coimbatorenorth_coimbatore_admin,coimbatorenorth_coimbatore_admin@fixitfast.gov.in,SuperAdmin@123,admin,active,641006,2025-10-21 18:29:49
Mettupalayam,Coimbatore,mettupalayam_coimbatore_admin,mettupalayam_coimbatore_admin@fixitfast.gov.in,SuperAdmin@123,admin,active,641103,2025-10-21 18:29:50
Avanashi,Coimbatore,avanashi_coimbatore_admin,avanashi_coimbatore_admin@fixitfast.gov.in,SuperAdmin@123,admin,active,641107,2025-10-21 18:29:50
Coimabtore North,Coimbatore,coimabtorenorth_coimbatore_admin,coimabtorenorth_coimbatore_admin@fixitfast.gov.in,SuperAdmin@123,admin,active,641108,2025-10-21 18:29:50
Pollachi,Coimbatore,pollachi_coimbatore_admin,pollachi_coimbatore_admin@fixitfast.gov.in,SuperAdmin@123,admin,active,641202,2025-10-21 18:29:51
Palladam,Coimbatore,palladam_coimbatore_admin,palladam_coimbatore_admin@fixitfast.gov.in,SuperAdmin@123,admin,active,641401,2025-10-21 18:29:51
Tiruppur,Coimbatore,tiruppur_coimbatore_admin,tiruppur_coimbatore_admin@fixitfast.gov.in,SuperAdmin@123,admin,active,641602,2025-10-21 18:29:52
Udamalpet,Coimbatore,udamalpet_coimbatore_admin,udamalpet_coimbatore_admin@fixitfast.gov.in,SuperAdmin@123,admin,active,642102,2025-10-21 18:29:52
Valparai,Coimbatore,valparai_coimbatore_admin,valparai_coimbatore_admin@fixitfast.gov.in,SuperAdmin@123,admin,active,642105,2025-10-21 18:29:52
Palani,Dindigul,palani_dindigul_admin,palani_dindigul_admin@fixitfast.gov.in,SuperAdmin@123,admin,active,642113,2025-10-21 18:29:53
Udumalaipettai,Coimbatore,udumalaipettai_coimbatore_admin,udumalaipettai_coimbatore_admin@fixitfast.gov.in,SuperAdmin@123,admin,active,642128,2025-10-21 18:29:53
Udaamalpet,Coimbatore,udaamalpet_coimbatore_admin,udaamalpet_coimbatore_admin@fixitfast.gov.in,SuperAdmin@123,admin,active,642207,2025-10-21 18:29:53
Udagamandalam,Nilgiris,udagamandalam_nilgiris_admin,udagamandalam_nilgiris_admin@fixitfast.gov.in,SuperAdmin@123,admin,active,643001,2025-10-21 18:29:54
Kundah,Nilgiris,kundah_nilgiris_admin,kundah_nilgiris_admin@fixitfast.gov.in,SuperAdmin@123,admin,active,643003,2025-10-21 18:29:54
Udhagamandalam,Nilgiris,udhagamandalam_nilgiris_admin,udhagamandalam_nilgiris_admin@fixitfast.gov.in,SuperAdmin@123,admin,active,643005,2025-10-21 18:29:54
Coonoor,Nilgiris,coonoor_nilgiris_admin,coonoor_nilgiris_admin@fixitfast.gov.in,SuperAdmin@123,admin,active,643101,2025-10-21 18:29:55
Kotagiri,Nilgiris,kotagiri_nilgiris_admin,kotagiri_nilgiris_admin@fixitfast.gov.in,SuperAdmin@123,admin,active,643201,2025-10-21 18:29:55
Gudalur,Nilgiris,gudalur_nilgiris_admin,gudalur_nilgiris_admin@fixitfast.gov.in,SuperAdmin@123,admin,active,643205,2025-10-21 18:29:55
Pandalur,Nilgiris,pandalur_nilgiris_admin,pandalur_nilgiris_admin@fixitfast.gov.in,SuperAdmin@123,admin,active,643233,2025-10-21 18:29:56
